ID;Data;Transportadora;Cliente;Estado_Origem;Estado_Destino;Volume;Valor Faturamento;Custo de Frete;Mes;Ano
1;05/01/2025;FastLog;TechNova Solutions;SP;MG;35;35200;16800;1;2025
2;08/01/2025;TransGlobal;Mercado Livre;RJ;SP;93;18500;9250;1;2025
3;12/01/2025;Swift Cargo;PetroBras;BA;SP;270;62300;37380;1;2025
4;15/01/2025;Loggi Cargo;Amazon;SP;RS;94;28900;14450;1;2025
5;18/01/2025;XP Logística;B2Brazil;MG;RJ;407;32100;16050;1;2025
6;22/01/2025;Sedex Express;Global Trade;SP;MG;139;16200;8100;1;2025
7;25/01/2025;JadLog;LogisticHub;RJ;BA;52;48500;24250;1;2025
8;03/01/2025;Sedex Express;Global Trade;SP;CE;240;20500;10250;1;2025
9;07/01/2025;JadLog;LogisticHub;MG;SP;380;48600;24300;1;2025
10;11/01/2025;Total Express;Commerce Express;RS;MG;397;27900;13950;1;2025
11;14/01/2025;Intra Cargo;Supply Chain Co;SP;BA;87;38700;19350;1;2025
12;19/01/2025;Braspress;Distribution Center;PE;SP;267;31500;15750;1;2025
13;20/01/2025;Total Express;Commerce Express;RJ;MG;168;29600;14800;1;2025
14;26/01/2025;Braspress;Distribution Center;PE;MG;208;34600;17300;1;2025
15;01/02/2025;Total Express;Commerce Express;SP;SC;309;25800;12900;2;2025
16;05/02/2025;Intra Cargo;Supply Chain Co;MG;SP;341;41500;20750;2;2025
17;08/02/2025;Braspress;Distribution Center;BA;MG;337;44800;22400;2;2025
18;12/02/2025;FastLog;TechNova Solutions;SP;DF;265;19500;9750;2;2025
19;15/02/2025;TransGlobal;Mercado Livre;SP;RS;353;38900;19450;2;2025
20;18/02/2025;Swift Cargo;PetroBras;MG;PE;155;58500;29250;2;2025
21;22/02/2025;Loggi Cargo;Amazon;RJ;CE;162;30200;15100;2;2025
22;25/02/2025;XP Logística;B2Brazil;SP;BA;334;34500;17250;2;2025
23;02/02/2025;FastLog;TechNova Solutions;SP;SC;203;25200;12600;2;2025
24;06/02/2025;TransGlobal;Mercado Livre;MG;RJ;412;35900;17950;2;2025
25;09/02/2025;Swift Cargo;PetroBras;BA;SP;112;56200;28100;2;2025
26;13/02/2025;Loggi Cargo;Amazon;SP;MD;380;31200;15600;2;2025
27;16/02/2025;XP Logística;B2Brazil;RJ;BA;7;40200;20100;2;2025
28;20/02/2025;Sedex Express;Global Trade;SP;DF;373;22800;11400;2;2025
29;23/02/2025;JadLog;LogisticHub;MG;RS;155;51800;25900;2;2025
30;24/02/2025;Intra Cargo;Supply Chain Co;SP;PE;282;40100;20050;2;2025
31;27/02/2025;FastLog;TechNova Solutions;SP;CE;103;25500;12750;2;2025
32;01/03/2025;Sedex Express;Global Trade;MG;SP;15;18800;9400;3;2025
33;05/03/2025;JadLog;LogisticHub;BA;MG;165;51200;25600;3;2025
34;08/03/2025;Total Express;Commerce Express;SP;RJ;314;25200;12600;3;2025
35;12/03/2025;Intra Cargo;Supply Chain Co;RS;SP;152;43800;21900;3;2025
36;15/03/2025;Braspress;Distribution Center;CE;MG;445;35900;17950;3;2025
37;18/03/2025;FastLog;TechNova Solutions;SP;PE;393;28600;14300;3;2025
38;22/03/2025;TransGlobal;Mercado Livre;MG;SP;320;33500;16750;3;2025
39;25/03/2025;Swift Cargo;PetroBras;RJ;BA;22;54200;27100;3;2025
40;03/03/2025;Total Express;Commerce Express;CE;SP;62;29500;14750;3;2025
41;07/03/2025;Intra Cargo;Supply Chain Co;SP;PE;264;41500;20750;3;2025
42;10/03/2025;Braspress;Distribution Center;BA;MG;177;33200;16600;3;2025
43;14/03/2025;FastLog;TechNova Solutions;SP;SC;12;26100;13050;3;2025
44;17/03/2025;TransGlobal;Mercado Livre;MG;SP;378;37300;18650;3;2025
45;21/03/2025;Swift Cargo;PetroBras;RS;BA;431;53800;26900;3;2025
46;24/03/2025;Loggi Cargo;Amazon;SP;MD;190;32500;16250;3;2025
47;26/03/2025;Braspress;Distribution Center;BA;SP;274;33100;16550;3;2025
48;28/03/2025;TransGlobal;Mercado Livre;MG;RJ;315;37400;18700;3;2025
49;01/04/2025;Loggi Cargo;Amazon;SP;MG;450;31800;15900;4;2025
50;05/04/2025;XP Logística;B2Brazil;BA;SP;185;40200;20100;4;2025
51;08/04/2025;Sedex Express;Global Trade;SP;RS;417;22800;11400;4;2025
52;12/04/2025;JadLog;LogisticHub;MG;RJ;318;48800;24400;4;2025
53;15/04/2025;Total Express;Commerce Express;CE;SP;144;31200;15600;4;2025
54;18/04/2025;Intra Cargo;Supply Chain Co;SP;BA;380;38900;19450;4;2025
55;22/04/2025;Braspress;Distribution Center;RS;MG;382;44300;22150;4;2025
56;25/04/2025;FastLog;TechNova Solutions;SP;SC;11;24500;12250;4;2025
57;02/04/2025;XP Logística;B2Brazil;PE;MG;299;39600;19800;4;2025
58;06/04/2025;Sedex Express;Global Trade;SP;CE;447;21600;10800;4;2025
59;09/04/2025;JadLog;LogisticHub;MG;RJ;329;49800;24900;4;2025
60;13/04/2025;Total Express;Commerce Express;BA;SP;61;30500;15250;4;2025
61;16/04/2025;Intra Cargo;Supply Chain Co;SP;DF;340;43100;21550;4;2025
62;20/04/2025;Braspress;Distribution Center;RS;MG;11;34800;17400;4;2025
63;23/04/2025;FastLog;TechNova Solutions;SP;SC;175;23900;11950;4;2025
64;27/04/2025;FastLog;TechNova Solutions;SP;MD;377;24700;12350;4;2025
65;29/04/2025;Swift Cargo;PetroBras;DF;BA;322;58400;29200;4;2025
66;01/05/2025;TransGlobal;Mercado Livre;MG;PE;299;35800;17900;5;2025
67;05/05/2025;Swift Cargo;PetroBras;RJ;SP;283;57800;28900;5;2025
68;08/05/2025;Loggi Cargo;Amazon;SP;DF;118;28300;14150;5;2025
69;12/05/2025;XP Logística;B2Brazil;BA;MG;286;38200;19100;5;2025
70;15/05/2025;Sedex Express;Global Trade;SP;CE;192;22100;11050;5;2025
71;18/05/2025;JadLog;LogisticHub;MG;SP;61;52100;26050;5;2025
72;22/05/2025;Total Express;Commerce Express;RS;MG;386;29800;14900;5;2025
73;25/05/2025;Intra Cargo;Supply Chain Co;SP;BA;273;40500;20250;5;2025
74;02/05/2025;TransGlobal;Mercado Livre;MG;SP;148;38800;19400;5;2025
75;06/05/2025;Swift Cargo;PetroBras;RJ;BA;294;59500;29750;5;2025
76;09/05/2025;Loggi Cargo;Amazon;SP;MD;66;32100;16050;5;2025
77;13/05/2025;XP Logística;B2Brazil;CE;MG;305;37500;18750;5;2025
78;16/05/2025;Sedex Express;Global Trade;SP;PE;1;26300;13150;5;2025
79;20/05/2025;JadLog;LogisticHub;MG;SP;301;51200;25600;5;2025
80;23/05/2025;Total Express;Commerce Express;BA;MG;270;30200;15100;5;2025
81;28/05/2025;TransGlobal;Mercado Livre;MG;BA;185;36600;18300;5;2025
82;29/05/2025;Loggi Cargo;Amazon;SP;SC;331;33700;16850;5;2025
83;01/06/2025;Braspress;Distribution Center;PE;SP;155;33500;16750;6;2025
84;05/06/2025;FastLog;TechNova Solutions;SP;RS;210;25800;12900;6;2025
85;08/06/2025;TransGlobal;Mercado Livre;MG;RJ;64;34600;17300;6;2025
86;12/06/2025;Swift Cargo;PetroBras;BA;SP;126;55200;27600;6;2025
87;15/06/2025;Loggi Cargo;Amazon;SP;MG;342;30500;15250;6;2025
88;18/06/2025;XP Logística;B2Brazil;RJ;BA;44;39800;19900;6;2025
89;22/06/2025;Sedex Express;Global Trade;SP;PE;212;20300;10150;6;2025
90;25/06/2025;JadLog;LogisticHub;MG;RS;208;50200;25100;6;2025
91;02/06/2025;Intra Cargo;Supply Chain Co;SP;RS;370;40800;20400;6;2025
92;06/06/2025;Braspress;Distribution Center;PE;SP;53;33500;16750;6;2025
93;09/06/2025;FastLog;TechNova Solutions;SP;DF;364;24600;12300;6;2025
94;13/06/2025;TransGlobal;Mercado Livre;MG;BA;370;36700;18350;6;2025
95;16/06/2025;Swift Cargo;PetroBras;RS;SP;8;56200;28100;6;2025
96;20/06/2025;Loggi Cargo;Amazon;SP;CE;99;33600;16800;6;2025
97;23/06/2025;XP Logística;B2Brazil;RJ;MG;38;38700;19350;6;2025
98;27/06/2025;Swift Cargo;PetroBras;CE;SP;347;57100;28550;6;2025
99;28/06/2025;XP Logística;B2Brazil;MD;MG;353;39700;19850;6;2025
100;01/07/2025;Total Express;Commerce Express;CE;SP;433;27200;13600;7;2025
101;05/07/2025;Intra Cargo;Supply Chain Co;SP;DF;43;42100;21050;7;2025
102;08/07/2025;Braspress;Distribution Center;BA;MG;353;31800;15900;7;2025
103;12/07/2025;FastLog;TechNova Solutions;SP;SC;1;23500;11750;7;2025
104;15/07/2025;TransGlobal;Mercado Livre;MG;SP;446;36200;18100;7;2025
105;18/07/2025;Swift Cargo;PetroBras;RJ;BA;203;60500;30250;7;2025
106;22/07/2025;Loggi Cargo;Amazon;SP;MG;16;30100;15050;7;2025
107;25/07/2025;XP Logística;B2Brazil;PE;SP;221;40300;20150;7;2025
108;03/07/2025;Sedex Express;Global Trade;SP;SC;323;22200;11100;7;2025
109;07/07/2025;JadLog;LogisticHub;MG;RJ;102;52500;26250;7;2025
110;10/07/2025;Total Express;Commerce Express;BA;SP;210;31100;15550;7;2025
111;14/07/2025;Intra Cargo;Supply Chain Co;SP;MD;225;42300;21150;7;2025
112;17/07/2025;Braspress;Distribution Center;RS;MG;112;37600;18800;7;2025
113;21/07/2025;FastLog;TechNova Solutions;SP;PE;17;26100;13050;7;2025
114;24/07/2025;TransGlobal;Mercado Livre;MG;SP;125;37500;18750;7;2025
115;28/07/2025;Loggi Cargo;Amazon;SP;DF;79;32300;16150;7;2025
116;29/07/2025;Sedex Express;Global Trade;SP;PE;210;22900;11450;7;2025
117;01/08/2025;Sedex Express;Global Trade;SP;RS;428;26200;13100;8;2025
118;05/08/2025;JadLog;LogisticHub;MG;RJ;127;53200;26600;8;2025
119;08/08/2025;Total Express;Commerce Express;BA;SP;225;33800;16900;8;2025
120;12/08/2025;Intra Cargo;Supply Chain Co;SP;MD;446;37800;18900;8;2025
121;15/08/2025;Braspress;Distribution Center;RS;MG;164;41500;20750;8;2025
122;18/08/2025;FastLog;TechNova Solutions;SP;CE;231;21900;10950;8;2025
123;22/08/2025;TransGlobal;Mercado Livre;MG;SP;201;38900;19450;8;2025
124;25/08/2025;Swift Cargo;PetroBras;RJ;BA;104;56500;28250;8;2025
125;02/08/2025;Swift Cargo;PetroBras;CE;BA;212;57800;28900;8;2025
126;06/08/2025;Loggi Cargo;Amazon;SP;MD;16;31500;15750;8;2025
127;09/08/2025;XP Logística;B2Brazil;DF;MG;360;40500;20250;8;2025
128;13/08/2025;Sedex Express;Global Trade;SP;RJ;341;23700;11850;8;2025
129;16/08/2025;JadLog;LogisticHub;MG;BA;384;50200;25100;8;2025
130;20/08/2025;Total Express;Commerce Express;RS;SP;101;30100;15050;8;2025
131;23/08/2025;Intra Cargo;Supply Chain Co;SP;SC;408;41600;20800;8;2025
132;27/08/2025;XP Logística;B2Brazil;RS;MG;103;40300;20150;8;2025
133;28/08/2025;JadLog;LogisticHub;MG;SP;8;54100;27050;8;2025
134;01/09/2025;Loggi Cargo;Amazon;SP;PE;444;32300;16150;9;2025
135;05/09/2025;XP Logística;B2Brazil;BA;MG;344;35900;17950;9;2025
136;08/09/2025;Sedex Express;Global Trade;SP;DF;19;27500;13750;9;2025
137;12/09/2025;JadLog;LogisticHub;MG;SP;353;51200;25600;9;2025
138;15/09/2025;Total Express;Commerce Express;RS;MG;355;28600;14300;9;2025
139;18/09/2025;Intra Cargo;Supply Chain Co;SP;BA;301;42800;21400;9;2025
140;22/09/2025;Braspress;Distribution Center;CE;SP;395;30200;15100;9;2025
141;25/09/2025;FastLog;TechNova Solutions;SP;SC;297;24800;12400;9;2025
142;02/09/2025;Braspress;Distribution Center;PE;MG;337;34700;17350;9;2025
143;06/09/2025;FastLog;TechNova Solutions;SP;CE;82;24500;12250;9;2025
144;09/09/2025;TransGlobal;Mercado Livre;MG;SP;96;38100;19050;9;2025
145;13/09/2025;Swift Cargo;PetroBras;BA;RJ;353;56500;28250;9;2025
146;16/09/2025;Loggi Cargo;Amazon;SP;DF;98;32600;16300;9;2025
147;20/09/2025;XP Logística;B2Brazil;MD;MG;139;38800;19400;9;2025
148;23/09/2025;Sedex Express;Global Trade;SP;SC;30;22100;11050;9;2025
149;26/09/2025;Sedex Express;Global Trade;SP;RJ;322;23800;11900;9;2025
150;27/09/2025;Total Express;Commerce Express;RJ;MG;428;31200;15600;9;2025
151;01/10/2025;TransGlobal;Mercado Livre;MG;RJ;115;38100;19050;10;2025
152;05/10/2025;Swift Cargo;PetroBras;BA;SP;121;59200;29600;10;2025
153;08/10/2025;Loggi Cargo;Amazon;SP;MG;182;31200;15600;10;2025
154;12/10/2025;XP Logística;B2Brazil;PE;MG;317;41000;20500;10;2025
155;15/10/2025;Sedex Express;Global Trade;SP;RS;311;23600;11800;10;2025
156;18/10/2025;JadLog;LogisticHub;MG;BA;12;52300;26150;10;2025
157;22/10/2025;Total Express;Commerce Express;RJ;SP;38;31800;15900;10;2025
158;25/10/2025;Intra Cargo;Supply Chain Co;SP;DF;173;40200;20100;10;2025
159;03/10/2025;JadLog;LogisticHub;MG;RJ;264;51900;25950;10;2025
160;07/10/2025;Total Express;Commerce Express;CE;SP;337;31300;15650;10;2025
161;10/10/2025;Intra Cargo;Supply Chain Co;SP;BA;198;43200;21600;10;2025
162;14/10/2025;Braspress;Distribution Center;RS;MG;328;35900;17950;10;2025
163;17/10/2025;FastLog;TechNova Solutions;SP;PE;327;25400;12700;10;2025
164;21/10/2025;TransGlobal;Mercado Livre;MG;SP;297;39600;19800;10;2025
165;24/10/2025;Swift Cargo;PetroBras;RJ;MD;262;59300;29650;10;2025
166;26/10/2025;JadLog;LogisticHub;MG;SC;141;53200;26600;10;2025
167;28/10/2025;Intra Cargo;Supply Chain Co;SP;BA;133;41800;20900;10;2025
168;01/11/2025;Braspress;Distribution Center;BA;MG;166;34500;17250;11;2025
169;05/11/2025;FastLog;TechNova Solutions;SP;PE;171;25300;12650;11;2025
170;08/11/2025;TransGlobal;Mercado Livre;MG;SP;413;36100;18050;11;2025
171;12/11/2025;Swift Cargo;PetroBras;RS;BA;210;54800;27400;11;2025
172;15/11/2025;Loggi Cargo;Amazon;SP;MG;95;33200;16600;11;2025
173;18/11/2025;XP Logística;B2Brazil;CE;SP;31;38900;19450;11;2025
174;22/11/2025;Sedex Express;Global Trade;SP;SC;287;21800;10900;11;2025
175;25/11/2025;JadLog;LogisticHub;MG;RJ;281;50100;25050;11;2025
176;02/11/2025;Loggi Cargo;Amazon;SP;SC;272;33800;16900;11;2025
177;06/11/2025;XP Logística;B2Brazil;CE;MG;67;38100;19050;11;2025
178;09/11/2025;Sedex Express;Global Trade;SP;DF;326;22800;11400;11;2025
179;13/11/2025;JadLog;LogisticHub;MG;BA;39;52800;26400;11;2025
180;16/11/2025;Total Express;Commerce Express;PE;SP;246;31600;15800;11;2025
181;20/11/2025;Intra Cargo;Supply Chain Co;SP;RS;431;40900;20450;11;2025
182;23/11/2025;Braspress;Distribution Center;BA;MG;401;33900;16950;11;2025
183;27/11/2025;Total Express;Commerce Express;BA;SP;37;31700;15850;11;2025
184;28/11/2025;Braspress;Distribution Center;RS;CE;98;35300;17650;11;2025
185;01/12/2025;Total Express;Commerce Express;BA;SP;194;29800;14900;12;2025
186;05/12/2025;Intra Cargo;Supply Chain Co;SP;MD;156;40900;20450;12;2025
187;08/12/2025;Braspress;Distribution Center;RS;MG;125;37200;18600;12;2025
188;12/12/2025;FastLog;TechNova Solutions;SP;DF;220;23800;11900;12;2025
189;15/12/2025;TransGlobal;Mercado Livre;MG;PE;2;34500;17250;12;2025
190;18/12/2025;Swift Cargo;PetroBras;RJ;SP;150;57600;28800;12;2025
191;22/12/2025;Loggi Cargo;Amazon;SP;RS;281;30100;15050;12;2025
192;25/12/2025;XP Logística;B2Brazil;BA;MG;339;38200;19100;12;2025
193;03/12/2025;FastLog;TechNova Solutions;SP;MD;277;26200;13100;12;2025
194;07/12/2025;TransGlobal;Mercado Livre;MG;RJ;317;35800;17900;12;2025
195;10/12/2025;Swift Cargo;PetroBras;RS;SP;122;57600;28800;12;2025
196;14/12/2025;Loggi Cargo;Amazon;SP;CE;243;32200;16100;12;2025
197;17/12/2025;XP Logística;B2Brazil;DF;BA;116;38700;19350;12;2025
198;21/12/2025;Sedex Express;Global Trade;SP;SC;364;24800;12400;12;2025
199;24/12/2025;JadLog;LogisticHub;MG;SP;70;50500;25250;12;2025
200;28/12/2025;Intra Cargo;Supply Chain Co;SP;MD;385;42500;21250;12;2025
